{"success":true,"notifications":[{"id":24,"type":"App\\Notifications\\BulletinGenerated","title":"G\u00e9n\u00e9ration termin\u00e9e","message":"La g\u00e9n\u00e9ration des bulletins de paie est termin\u00e9e.","icon":"fas fa-check-circle","color":"success","data":null,"is_read":false,"read_at":null,"user_id":318,"sender_id":null,"source_type":null,"source_id":null,"action_url":null,"expires_at":null,"created_at":"2026-01-10T23:08:34.000000Z","updated_at":"2026-01-10T23:08:34.000000Z"},{"id":23,"type":"App\\Notifications\\BulletinGenerated","title":"G\u00e9n\u00e9ration termin\u00e9e","message":"La g\u00e9n\u00e9ration des bulletins de paie est termin\u00e9e.","icon":"fas fa-check-circle","color":"success","data":null,"is_read":false,"read_at":null,"user_id":318,"sender_id":null,"source_type":null,"source_id":null,"action_url":null,"expires_at":null,"created_at":"2026-01-09T09:27:00.000000Z","updated_at":"2026-01-09T09:27:00.000000Z"},{"id":22,"type":"App\\Notifications\\BulletinGenerated","title":"G\u00e9n\u00e9ration termin\u00e9e","message":"La g\u00e9n\u00e9ration des bulletins de paie est termin\u00e9e.","icon":"fas fa-check-circle","color":"success","data":null,"is_read":false,"read_at":null,"user_id":318,"sender_id":null,"source_type":null,"source_id":null,"action_url":null,"expires_at":null,"created_at":"2026-01-09T09:26:59.000000Z","updated_at":"2026-01-09T09:26:59.000000Z"},{"id":21,"type":"App\\Notifications\\BulletinGenerated","title":"G\u00e9n\u00e9ration termin\u00e9e","message":"La g\u00e9n\u00e9ration des bulletins de paie est termin\u00e9e.","icon":"fas fa-check-circle","color":"success","data":null,"is_read":false,"read_at":null,"user_id":318,"sender_id":null,"source_type":null,"source_id":null,"action_url":null,"expires_at":null,"created_at":"2026-01-09T08:49:37.000000Z","updated_at":"2026-01-09T08:49:37.000000Z"},{"id":20,"type":"App\\Notifications\\BulletinGenerated","title":"G\u00e9n\u00e9ration termin\u00e9e","message":"La g\u00e9n\u00e9ration des bulletins de paie est termin\u00e9e.","icon":"fas fa-check-circle","color":"success","data":null,"is_read":false,"read_at":null,"user_id":318,"sender_id":null,"source_type":null,"source_id":null,"action_url":null,"expires_at":null,"created_at":"2026-01-07T15:19:12.000000Z","updated_at":"2026-01-07T15:19:12.000000Z"}],"total_unread":5}